,Applicant City,Applicant Country,Applicant Number,Applicant State,Assignee Location,Assignee Name,Family Id,File Date,Inventors,Patent Date,Patent Number,Title (Patent Number),url,fetched
0,Fort LauderdaleMiami,USUS,"14/520,198",FLFL,,,60805012,"October 21, 2014","[['Jonathan J.', 'Vitello', 'Fort Lauderdale, FL'], ['Brandon', 'Hunt', 'Miami, FL']]","January 2, 2018","9,855,191",#9855191,http://patft.uspto.gov/netacgi/nph-Parser?Sect1=PTO2&Sect2=HITOFF&u=%2Fnetahtml%2FPTO%2Fsearch-adv.htm&r=1&p=1&f=G&l=50&d=PTXT&S1=9855191.PN.&OS=PN/9855191&RS=PN/9855191,True
1,ZurichAdliswilLenzburg,CHCHCH,"13/280,154",N/AN/AN/A,"Singapore, SG",Heptagon Micro Optics Pte. Ltd.,45972706,"October 24, 2011","[['Thierry', 'Oggier', 'Zurich, CH'], ['Bernhard', 'Buettgen', 'Adliswil, CH'], ['Matthias', 'Schweizer', 'Lenzburg, CH']]","January 2, 2018","9,857,469",#9857469,http://patft.uspto.gov/netacgi/nph-Parser?Sect1=PTO2&Sect2=HITOFF&u=%2Fnetahtml%2FPTO%2Fsearch-adv.htm&r=1&p=1&f=G&l=50&d=PTXT&S1=9857469.PN.&OS=PN/9857469&RS=PN/9857469,True
2,Tokyo,JP,"14/764,838",N/A,"Tokyo, JP","Hitachi, Ltd.",52104145,"June 20, 2013","[['Yutaka', 'Uematsu', 'Tokyo, JP'], ['Satoshi', 'Muraoka', 'Tokyo, JP'], ['Hiroshi', 'Kakita', 'Tokyo, JP'], ['Akio', 'Idei', 'Tokyo, JP'], ['Yusuke', 'Fukumura', 'Tokyo, JP'], ['Satoru', 'Watanabe', 'Tokyo, JP'], ['Takayuki', 'Ono', 'Tokyo, JP'], ['Taishi', 'Sumikura', 'Tokyo, JP'], ['Yuichi', 'Fukuda', 'Tokyo, JP'], ['Takashi', 'Miyagawa', 'Tokyo, JP'], ['Michinori', 'Naito', 'Tokyo, JP'], ['Hideki', 'Osaka', 'Tokyo, JP'], ['Masabumi', 'Shibata', 'Tokyo, JP'], ['Hitoshi', 'Ueno', 'Tokyo, JP'], ['Kazunori', 'Nakajima', 'Tokyo, JP'], ['Yoshihiro', 'Kondo', 'Tokyo, JP']]","January 2, 2018","9,858,181",#9858181,http://patft.uspto.gov/netacgi/nph-Parser?Sect1=PTO2&Sect2=HITOFF&u=%2Fnetahtml%2FPTO%2Fsearch-adv.htm&r=1&p=1&f=G&l=50&d=PTXT&S1=9858181.PN.&OS=PN/9858181&RS=PN/9858181,True
3,Tokyo,JP,"14/762,321",N/A,"Tokyo, JP",NEC Corporation,51227370,"January 8, 2014","[['Kazuhiro', 'Kashiwakura', 'Tokyo, JP']]","January 2, 2018","9,859,603",#9859603,http://patft.uspto.gov/netacgi/nph-Parser?Sect1=PTO2&Sect2=HITOFF&u=%2Fnetahtml%2FPTO%2Fsearch-adv.htm&r=1&p=1&f=G&l=50&d=PTXT&S1=9859603.PN.&OS=PN/9859603&RS=PN/9859603,True
4,State University,US,"14/956,001",AR,"State University, AR",BIOSTRATEGIES LC,49670525,"December 1, 2015","[['David N.', 'Radin', 'Jonesboro, AR'], ['Carole L.', 'Cramer', 'Jonesboro, AR']]","January 9, 2018","9,862,939",#9862939,http://patft.uspto.gov/netacgi/nph-Parser?Sect1=PTO2&Sect2=HITOFF&u=%2Fnetahtml%2FPTO%2Fsearch-adv.htm&r=1&p=1&f=G&l=50&d=PTXT&S1=9862939.PN.&OS=PN/9862939&RS=PN/9862939,True
5,Mt. Pleasant,US,"15/071,829",SC,,,56925909,"March 16, 2016","[['Andrew Bradford', 'Green', 'Mt. Pleasant, SC']]","January 16, 2018","9,871,547",#9871547,http://patft.uspto.gov/netacgi/nph-Parser?Sect1=PTO2&Sect2=HITOFF&u=%2Fnetahtml%2FPTO%2Fsearch-adv.htm&r=1&p=1&f=G&l=50&d=PTXT&S1=9871547.PN.&OS=PN/9871547&RS=PN/9871547,True
6,Atlanta,US,"15/072,459",GA,"Atlanta, GA","AT&T INTELLECTUAL PROPERTY I, LP",55305117,"March 17, 2016","[['Paul Shala', 'Henry', 'Holmdel, NJ'], ['Robert', 'Bennett', 'Southold, NY'], ['Irwin', 'Gerszberg', 'Kendall Park, NJ'], ['Farhad', 'Barzegar', 'Branchburg, NJ'], ['Donald J', 'Barnickel', 'Flemington, NJ'], ['Thomas M.', 'Willis, III', 'Tinton Falls, NJ']]","January 23, 2018","9,876,571",#9876571,http://patft.uspto.gov/netacgi/nph-Parser?Sect1=PTO2&Sect2=HITOFF&u=%2Fnetahtml%2FPTO%2Fsearch-adv.htm&r=1&p=1&f=G&l=50&d=PTXT&S1=9876571.PN.&OS=PN/9876571&RS=PN/9876571,True
7,Bedford,US,"14/039,256",MA,"Bedford, MA",iRobot Corporation,37698321,"September 27, 2013","[['Colin', 'Angle', 'Boston, MA'], ['Clara', 'Vu', 'Cambridge, MA'], ['Matthew', 'Cross', 'Mason, NH'], ['Tony L.', 'Campbell', 'Pepperell, MA']]","January 30, 2018","9,878,445",#9878445,http://patft.uspto.gov/netacgi/nph-Parser?Sect1=PTO2&Sect2=HITOFF&u=%2Fnetahtml%2FPTO%2Fsearch-adv.htm&r=1&p=1&f=G&l=50&d=PTXT&S1=9878445.PN.&OS=PN/9878445&RS=PN/9878445,True
8,Hartford,US,"14/921,429",CT,"Farmington, CT",United Technologies Corporation,57249670,"October 23, 2015","[['Denman H.', 'James', 'West Hartford, CT']]","February 6, 2018","9,885,250",#9885250,http://patft.uspto.gov/netacgi/nph-Parser?Sect1=PTO2&Sect2=HITOFF&u=%2Fnetahtml%2FPTO%2Fsearch-adv.htm&r=1&p=1&f=G&l=50&d=PTXT&S1=9885250.PN.&OS=PN/9885250&RS=PN/9885250,True
9,Lake Forest,US,"14/830,315",CA,"Lake Forest, CA","Tenex Health, Inc.",44188379,"August 19, 2015","[['Jagjit', 'Gill', 'Lake Forest, CA'], ['Darryl E.', 'Barnes', 'Rochester, MN'], ['Jay', 'Smith', 'Rochester, MN'], ['William', 'Wilemon', 'Laguna Niguel, CA']]","February 13, 2018","9,888,937",#9888937,http://patft.uspto.gov/netacgi/nph-Parser?Sect1=PTO2&Sect2=HITOFF&u=%2Fnetahtml%2FPTO%2Fsearch-adv.htm&r=1&p=1&f=G&l=50&d=PTXT&S1=9888937.PN.&OS=PN/9888937&RS=PN/9888937,True
10,WestminsterCambridgeBaldockCambridgeRoystonHaslingfield,USGBGBGBGBGB,"13/599,872",MDN/AN/AN/AN/AN/A,"Sparks, MD","MCCORMICK & COMPANY, INCORPORATED",47752357,"August 30, 2012","[['Tracie L. C.', 'Wilson', 'Westminster, MD'], ['David Richard', 'Stonehouse', 'Cambridge, GB'], ['Craig Harvey', 'Nelson', 'Baldock, GB'], ['Carys Eleri', 'Lee', 'Cambridge, GB'], ['Paul Nigel', 'Marsh', 'Royston, GB'], ['Benjamin Erland', 'Impey', 'Haslingfield, GB']]","February 13, 2018","9,889,455",#9889455,http://patft.uspto.gov/netacgi/nph-Parser?Sect1=PTO2&Sect2=HITOFF&u=%2Fnetahtml%2FPTO%2Fsearch-adv.htm&r=1&p=1&f=G&l=50&d=PTXT&S1=9889455.PN.&OS=PN/9889455&RS=PN/9889455,True
11,"Kyoto-shi, Kyoto",JP,"15/204,418",N/A,"Kyoto-shi, JP",SHIMADZU CORPORATION,57730064,"July 7, 2016","[['Hiroyuki', 'Minato', 'Kyoto, JP']]","February 13, 2018","9,891,104",#9891104,http://patft.uspto.gov/netacgi/nph-Parser?Sect1=PTO2&Sect2=HITOFF&u=%2Fnetahtml%2FPTO%2Fsearch-adv.htm&r=1&p=1&f=G&l=50&d=PTXT&S1=9891104.PN.&OS=PN/9891104&RS=PN/9891104,True
12,Armonk,US,"15/668,230",NY,"Armonk, NY",International Business Machines Corporation,59701313,"August 3, 2017","[['Keith E.', 'Fogel', 'Hopewell Junction, NY'], ['Pouya', 'Hashemi', 'White Plains, NY'], ['Shogo', 'Mochizuki', 'Clifton Park, NY'], ['Alexander', 'Reznicek', 'Troy, NY']]","February 13, 2018","9,893,014",#9893014,http://patft.uspto.gov/netacgi/nph-Parser?Sect1=PTO2&Sect2=HITOFF&u=%2Fnetahtml%2FPTO%2Fsearch-adv.htm&r=1&p=1&f=G&l=50&d=PTXT&S1=9893014.PN.&OS=PN/9893014&RS=PN/9893014,True
13,Smoerum,DK,"13/522,548",N/A,"Zurich, CH",NOVO NORDISK HEALTH CARE AG,42173365,"January 18, 2011","[['Jais Rose', 'Bjelke', 'Smoerum, DK']]","February 20, 2018","9,896,677",#9896677,http://patft.uspto.gov/netacgi/nph-Parser?Sect1=PTO2&Sect2=HITOFF&u=%2Fnetahtml%2FPTO%2Fsearch-adv.htm&r=1&p=1&f=G&l=50&d=PTXT&S1=9896677.PN.&OS=PN/9896677&RS=PN/9896677,True
14,San Jose,US,"15/252,922",CA,,,61226048,"August 31, 2016","[['Ahmed', 'Manassra', 'San Jose, CA']]","February 27, 2018","9,901,421",#9901421,http://patft.uspto.gov/netacgi/nph-Parser?Sect1=PTO2&Sect2=HITOFF&u=%2Fnetahtml%2FPTO%2Fsearch-adv.htm&r=1&p=1&f=G&l=50&d=PTXT&S1=9901421.PN.&OS=PN/9901421&RS=PN/9901421,True
15,Kanagawa-ken,JP,"15/144,274",N/A,JP,"Semiconductor Energy Laboratory Co., Ltd.",51864167,"May 2, 2016","[['Kazuya', 'Hanaoka', 'Kanagawa, JP']]","February 27, 2018","9,905,695",#9905695,http://patft.uspto.gov/netacgi/nph-Parser?Sect1=PTO2&Sect2=HITOFF&u=%2Fnetahtml%2FPTO%2Fsearch-adv.htm&r=1&p=1&f=G&l=50&d=PTXT&S1=9905695.PN.&OS=PN/9905695&RS=PN/9905695,True
16,BensheimWiltshire,DEGB,"15/008,939",N/AN/A,"Bensheim, DE",TE Connectivity Germany GmbH,52444175,"January 28, 2016","[['John', 'Marsh', 'London, GB'], ['Michael', 'Schambach', 'Dortmund, DE'], ['Ruediger', 'Meier', 'Neckargemuend, DE'], ['Jochen', 'Fertig', 'Bensheim, DE'], ['Holger', 'Stange', 'Frankenthal, DE']]","February 27, 2018","9,905,950",#9905950,http://patft.uspto.gov/netacgi/nph-Parser?Sect1=PTO2&Sect2=HITOFF&u=%2Fnetahtml%2FPTO%2Fsearch-adv.htm&r=1&p=1&f=G&l=50&d=PTXT&S1=9905950.PN.&OS=PN/9905950&RS=PN/9905950,True
17,Menlo Park,US,"14/542,106",CA,"Menlo Park, CA","Facebook, Inc.",55962792,"November 14, 2014","[['Vishal', 'Kathuria', 'Palo Alto, CA'], ['Vikas', 'Mehta', 'Lynnwood, WA'], ['Muthukaruppan', 'Annamalai', 'Redmond, WA'], ['Zhenhua', 'Guo', 'Woodinville, WA']]","February 27, 2018","9,906,589",#9906589,http://patft.uspto.gov/netacgi/nph-Parser?Sect1=PTO2&Sect2=HITOFF&u=%2Fnetahtml%2FPTO%2Fsearch-adv.htm&r=1&p=1&f=G&l=50&d=PTXT&S1=9906589.PN.&OS=PN/9906589&RS=PN/9906589,True
18,Tokyo,JP,"15/418,987",N/A,"Tokyo, JP",Seiko Epson Corporation,57956153,"January 30, 2017","[['Eiju', 'Hirai', 'Azumino, JP'], ['Motoki', 'Takabe', 'Shiojiri, JP'], ['Katsutomo', 'Tsukahara', 'Shiojiri, JP'], ['Yoichi', 'Naganuma', 'Matsumoto, JP'], ['Munehide', 'Saimen', 'Suwa, JP']]","March 6, 2018","9,908,331",#9908331,http://patft.uspto.gov/netacgi/nph-Parser?Sect1=PTO2&Sect2=HITOFF&u=%2Fnetahtml%2FPTO%2Fsearch-adv.htm&r=1&p=1&f=G&l=50&d=PTXT&S1=9908331.PN.&OS=PN/9908331&RS=PN/9908331,True
19,Gifu,JP,"15/224,733",N/A,"Gifu, JP",TOKIWA CORPORATION,57865304,"August 1, 2016","[['Risa', 'Yasumi', 'Saitama, JP']]","March 6, 2018","9,908,362",#9908362,http://patft.uspto.gov/netacgi/nph-Parser?Sect1=PTO2&Sect2=HITOFF&u=%2Fnetahtml%2FPTO%2Fsearch-adv.htm&r=1&p=1&f=G&l=50&d=PTXT&S1=9908362.PN.&OS=PN/9908362&RS=PN/9908362,True
20,Richmond,US,"14/169,335",VA,"Richmond, VA","BRINK'S NETWORK, INC.",47744994,"January 31, 2014","[['Gil Geraldo', 'Hipolito', 'Sao Paulo, BR'], ['Samuel', 'de Alvarenga', 'Sao Paulo, BR'], ['Emerson', 'Dourado', 'Sao Paulo, BR']]","March 6, 2018","9,911,108",#9911108,http://patft.uspto.gov/netacgi/nph-Parser?Sect1=PTO2&Sect2=HITOFF&u=%2Fnetahtml%2FPTO%2Fsearch-adv.htm&r=1&p=1&f=G&l=50&d=PTXT&S1=9911108.PN.&OS=PN/9911108&RS=PN/9911108,True
21,Shizuoka,JP,"15/157,603",N/A,"Shizuoka, JP",SUZUKI MOTOR CORPORATION,57231840,"May 18, 2016","[['Kengo', 'Ikeya', 'Shizuoka, JP'], ['Toshihide', 'Tachibana', 'Shizuoka, JP'], ['Yoshimasa', 'Matsumoto', 'Shizuoka, JP']]","March 6, 2018","9,911,997",#9911997,http://patft.uspto.gov/netacgi/nph-Parser?Sect1=PTO2&Sect2=HITOFF&u=%2Fnetahtml%2FPTO%2Fsearch-adv.htm&r=1&p=1&f=G&l=50&d=PTXT&S1=9911997.PN.&OS=PN/9911997&RS=PN/9911997,True
22,Daly City,US,"13/689,750",CA,"Daly City, CA","GENESYS TELECOMMUNICATIONS LABORATORIES, INC.",50773324,"November 29, 2012","[['Herbert Willi Artur', 'Ristock', 'Walnut Creek, CA'], ['Bob', 'Pigott', 'Prairie Village, KS'], ['Adam', 'Rosen', 'San Francisco, CA']]","March 6, 2018","9,912,816",#9912816,http://patft.uspto.gov/netacgi/nph-Parser?Sect1=PTO2&Sect2=HITOFF&u=%2Fnetahtml%2FPTO%2Fsearch-adv.htm&r=1&p=1&f=G&l=50&d=PTXT&S1=9912816.PN.&OS=PN/9912816&RS=PN/9912816,True
23,Friedrichshafen,DE,"14/654,855",N/A,"Friedrichshafen, DE",ZF FRIEDRICHSHAFEN AG,49726781,"December 9, 2013","[['Johannes', 'Kaltenbach', 'Friedrichshafen, DE'], ['Eckhardt', 'Lubke', 'Friedrichshafen, DE']]","March 13, 2018","9,915,327",#9915327,http://patft.uspto.gov/netacgi/nph-Parser?Sect1=PTO2&Sect2=HITOFF&u=%2Fnetahtml%2FPTO%2Fsearch-adv.htm&r=1&p=1&f=G&l=50&d=PTXT&S1=9915327.PN.&OS=PN/9915327&RS=PN/9915327,True
24,Aliso Viejo,US,"14/453,121",CA,"Aliso Viejo, CA",Quest Software Inc.,55268335,"August 6, 2014","[['Tarun K.', 'Tripathy', 'Newark, CA'], ['Brian R.', 'Smith', 'San Ramon, CA'], ['Abhijit S.', 'Dinkar', 'San Jose, CA']]","March 13, 2018","9,917,894",#9917894,http://patft.uspto.gov/netacgi/nph-Parser?Sect1=PTO2&Sect2=HITOFF&u=%2Fnetahtml%2FPTO%2Fsearch-adv.htm&r=1&p=1&f=G&l=50&d=PTXT&S1=9917894.PN.&OS=PN/9917894&RS=PN/9917894,True
25,Fremont,US,"14/710,100",CA,"Fremont, CA",LAM RESEARCH CORPORATION,49547893,"May 12, 2015","[['Darrell', 'Ehrlich', 'San Jose, CA'], ['Daniel Arthur', 'Brown', 'Brentwood, CA'], ['Ian', 'Kenworthy', 'Campbell, CA']]","March 20, 2018","9,922,804",#9922804,http://patft.uspto.gov/netacgi/nph-Parser?Sect1=PTO2&Sect2=HITOFF&u=%2Fnetahtml%2FPTO%2Fsearch-adv.htm&r=1&p=1&f=G&l=50&d=PTXT&S1=9922804.PN.&OS=PN/9922804&RS=PN/9922804,True
26,,,,,,,,,,"9,924,990","9,924,990",#9924990,http://patft.uspto.gov/netacgi/nph-Parser?Sect1=PTO2&Sect2=HITOFF&u=%2Fnetahtml%2FPTO%2Fsearch-adv.htm&r=1&p=1&f=G&l=50&d=PTXT&S1=9924990.PN.&OS=PN/9924990&RS=PN/9924990,True
27,"SouthfieldKariya-shi, Aichi-ken",USJP,"15/350,415",MIN/A,"Southfield, MIDENSO CORPORATION","DENSO International America, Inc.",61633044,"November 14, 2016","[['Bilal', 'Alasry', 'Dearborn, MI'], ['Doua', 'Vang', 'Waterford, MI']]","March 27, 2018","9,925,872",#9925872,http://patft.uspto.gov/netacgi/nph-Parser?Sect1=PTO2&Sect2=HITOFF&u=%2Fnetahtml%2FPTO%2Fsearch-adv.htm&r=1&p=1&f=G&l=50&d=PTXT&S1=9925872.PN.&OS=PN/9925872&RS=PN/9925872,True
28,San Antonio,US,"15/355,323",TX,"San Antonio, TX","Phyton Holdings, LLC",39225896,"November 18, 2016","[['Brian A.', 'Bucher', 'Boston, MA'], ['Edward M.', 'Desimone, III', 'Indianapolis, IN'], ['Roland R.', 'Franke', 'Gloucester, MA'], ['Rex T.', 'Gallagher', 'Hampton, MA'], ['Barry J.', 'Hand', 'Acton, MA'], ['Christopher D.', 'Howe', 'Beverly, MA'], ['James H.', 'Johnson', 'Edenton, NC'], ['John S.', 'Juchum', 'Kingston, NH'], ['Marc A.', 'Plante', 'Middleton, MA'], ['T.G.', 'Sambandam', 'Uxbridge, MA'], ['Dong S.', 'Yang', 'Quincy, MA']]","March 27, 2018","9,926,287",#9926287,http://patft.uspto.gov/netacgi/nph-Parser?Sect1=PTO2&Sect2=HITOFF&u=%2Fnetahtml%2FPTO%2Fsearch-adv.htm&r=1&p=1&f=G&l=50&d=PTXT&S1=9926287.PN.&OS=PN/9926287&RS=PN/9926287,True
29,"Haidian District, Beijing",CN,"15/352,371",N/A,"Beijing, CN",Xiaomi Inc.,55676145,"November 15, 2016","[['Anyu', 'Liu', 'Beijing, CN'], ['Guosheng', 'Li', 'Beijing, CN'], ['Zhongsheng', 'Jiang', 'Beijing, CN']]","March 27, 2018","9,928,811",#9928811,http://patft.uspto.gov/netacgi/nph-Parser?Sect1=PTO2&Sect2=HITOFF&u=%2Fnetahtml%2FPTO%2Fsearch-adv.htm&r=1&p=1&f=G&l=50&d=PTXT&S1=9928811.PN.&OS=PN/9928811&RS=PN/9928811,True
30,BeijingAnhui,CNCN,"14/744,215",N/AN/A,"Beijing, CNHEFEI BOE OPTOELECTRONICS TECHNOLOGY CO., LTD.","BOE TECHNOLOGY GROUP CO., LTD.",52603225,"June 19, 2015","[['Gang', 'Wang', 'Beijing, CN'], ['Xinqing', 'Zhu', 'Beijing, CN'], ['Guangyuan', 'Cai', 'Beijing, CN'], ['Jianlei', 'Yang', 'Beijing, CN'], ['Yu', 'Zhang', 'Beijing, CN'], ['Ningheng', 'Du', 'Beijing, CN']]","April 3, 2018","9,931,742",#9931742,http://patft.uspto.gov/netacgi/nph-Parser?Sect1=PTO2&Sect2=HITOFF&u=%2Fnetahtml%2FPTO%2Fsearch-adv.htm&r=1&p=1&f=G&l=50&d=PTXT&S1=9931742.PN.&OS=PN/9931742&RS=PN/9931742,True
31,Washington,US,"15/001,803",DC,"Washington, DC",The United States of America as Represented by the Secretary of the Navy,55359863,"January 20, 2016","[['Peter', 'Zarras', 'Ridgecrest, CA'], ['John', 'Stenger-Smith', 'Ridgecrest, CA'], ['William', 'Lai', 'Ridgecrest, CA']]","April 3, 2018","9,932,485",#9932485,http://patft.uspto.gov/netacgi/nph-Parser?Sect1=PTO2&Sect2=HITOFF&u=%2Fnetahtml%2FPTO%2Fsearch-adv.htm&r=1&p=1&f=G&l=50&d=PTXT&S1=9932485.PN.&OS=PN/9932485&RS=PN/9932485,True
32,Seattle,US,"14/572,661",WA,"Seattle, WA","Amazon Technologies, Inc.",61724889,"December 16, 2014","[['Derek Steven', 'Gebhard', 'Huntington Beach, CA'], ['Noah Emmanuel', 'Crocker', 'Ann Arbor, MI']]","April 3, 2018","9,934,019",#9934019,http://patft.uspto.gov/netacgi/nph-Parser?Sect1=PTO2&Sect2=HITOFF&u=%2Fnetahtml%2FPTO%2Fsearch-adv.htm&r=1&p=1&f=G&l=50&d=PTXT&S1=9934019.PN.&OS=PN/9934019&RS=PN/9934019,True
33,"Ibaraki-shi, Osaka",JP,"14/205,555",N/A,"Osaka, JP",NITTO DENKO CORPORATION,51768096,"March 12, 2014","[['Takeshi', 'Saito', 'Ibaraki, JP'], ['Masashi', 'Shinagawa', 'Ibaraki, JP'], ['Tetsurou', 'Ikeda', 'Ibaraki, JP'], ['Tatsuya', 'Yamasaki', 'Ibaraki, JP'], ['Toshiki', 'Oomine', 'Ibaraki, JP'], ['Shunsuke', 'Shuto', 'Ibaraki, JP'], ['Kentarou', 'Kunishima', 'Ibaraki, JP'], ['Makoto', 'Tsuchinaga', 'Ibaraki, JP']]","April 10, 2018","9,937,689",#9937689,http://patft.uspto.gov/netacgi/nph-Parser?Sect1=PTO2&Sect2=HITOFF&u=%2Fnetahtml%2FPTO%2Fsearch-adv.htm&r=1&p=1&f=G&l=50&d=PTXT&S1=9937689.PN.&OS=PN/9937689&RS=PN/9937689,True
34,BeijingShanghai,CNCN,"15/350,726",N/AN/A,BEIJING CORPORATION,SEMICONDUCTOR MANUFACTURING INTERNATIONAL,57714514,"November 14, 2016","[['Hai Yang', 'Zhang', 'Shanghai, CN'], ['Zhe', 'Zheng', 'Shanghai, CN']]","April 10, 2018","9,941,387",#9941387,http://patft.uspto.gov/netacgi/nph-Parser?Sect1=PTO2&Sect2=HITOFF&u=%2Fnetahtml%2FPTO%2Fsearch-adv.htm&r=1&p=1&f=G&l=50&d=PTXT&S1=9941387.PN.&OS=PN/9941387&RS=PN/9941387,True
35,Petah TikvaTokyo,ILJP,"15/384,530",N/AN/A,"Petah Tikva, ILSoftbank Corporation",Gilat Satellite Networks Ltd.,58500282,"December 20, 2016","[['Yoseph', 'Hecht', 'Rehovot, IL'], ['Hagay', 'Katz', 'Petah Tikva, IL'], ['Akihiko', 'Tajika', 'Saitama, JP']]","May 1, 2018","9,961,587",#9961587,http://patft.uspto.gov/netacgi/nph-Parser?Sect1=PTO2&Sect2=HITOFF&u=%2Fnetahtml%2FPTO%2Fsearch-adv.htm&r=1&p=1&f=G&l=50&d=PTXT&S1=9961587.PN.&OS=PN/9961587&RS=PN/9961587,True
36,"Yongin-si, Gyeonggi-do",KR,"15/056,927",N/A,"Yongin-si, KR","Samsung Display Co., Ltd.",56850814,"February 29, 2016","[['Kyung-Soo', 'Shin', 'Cheonan-si, KR'], ['Do Gi', 'Lim', 'Asan-si, KR']]","May 8, 2018","9,966,004",#9966004,http://patft.uspto.gov/netacgi/nph-Parser?Sect1=PTO2&Sect2=HITOFF&u=%2Fnetahtml%2FPTO%2Fsearch-adv.htm&r=1&p=1&f=G&l=50&d=PTXT&S1=9966004.PN.&OS=PN/9966004&RS=PN/9966004,True
37,City of Industry,US,"14/829,161",CA,"Santa Fe Springs, CA","Lincoln Global, Inc.",57961163,"August 18, 2015","[['Joseph A.', 'Daniel', 'Sagamore Hills, OH']]","May 15, 2018","9,972,215",#9972215,http://patft.uspto.gov/netacgi/nph-Parser?Sect1=PTO2&Sect2=HITOFF&u=%2Fnetahtml%2FPTO%2Fsearch-adv.htm&r=1&p=1&f=G&l=50&d=PTXT&S1=9972215.PN.&OS=PN/9972215&RS=PN/9972215,True
38,Indianapolis,US,"13/959,171",IN,"Indianapolis, IN","Interactive Intelligence Group, Inc.",50066835,"August 5, 2013","[['Vivek', 'Tyagi', 'New Delhi, IN'], ['Aravind', 'Ganapathiraju', 'Hyderabad, IN'], ['Felix Immanuel', 'Wyss', 'Zionsville, IN']]","May 15, 2018","9,972,306",#9972306,http://patft.uspto.gov/netacgi/nph-Parser?Sect1=PTO2&Sect2=HITOFF&u=%2Fnetahtml%2FPTO%2Fsearch-adv.htm&r=1&p=1&f=G&l=50&d=PTXT&S1=9972306.PN.&OS=PN/9972306&RS=PN/9972306,True
39,Stra.beta.kirchen,DE,"15/121,487",N/A,"Strasskirchen, DE",Krinner Innovation GmbH,52394228,"December 30, 2014","[['Gunther', 'Thurner', 'Stra.beta.kirchen, DE'], ['Martin', 'Thurner', 'Stra.beta.kirchen, DE']]","May 22, 2018","9,976,275",#9976275,http://patft.uspto.gov/netacgi/nph-Parser?Sect1=PTO2&Sect2=HITOFF&u=%2Fnetahtml%2FPTO%2Fsearch-adv.htm&r=1&p=1&f=G&l=50&d=PTXT&S1=9976275.PN.&OS=PN/9976275&RS=PN/9976275,True
40,Suwon-si,KR,"14/684,960",N/A,"Suwon-si, KR","SAMSUNG ELECTRONICS CO., LTD.",55016779,"April 13, 2015","[['Byeong-hu', 'Lee', 'Suwon-si, KR'], ['Yong-hee', 'Park', 'Suwon-si, KR']]","May 22, 2018","9,976,856",#9976856,http://patft.uspto.gov/netacgi/nph-Parser?Sect1=PTO2&Sect2=HITOFF&u=%2Fnetahtml%2FPTO%2Fsearch-adv.htm&r=1&p=1&f=G&l=50&d=PTXT&S1=9976856.PN.&OS=PN/9976856&RS=PN/9976856,True
41,Pittsburgh,US,"14/890,026",PA,"Pittsburgh, PA",H.J. Heinz Company Brands LLC,51867774,"May 9, 2014","[['Francesca Romana', 'Fasano', 'Sondrio, IT'], ['Maria', 'Rescigno', 'Milan, IT']]","May 29, 2018","9,980,991",#9980991,http://patft.uspto.gov/netacgi/nph-Parser?Sect1=PTO2&Sect2=HITOFF&u=%2Fnetahtml%2FPTO%2Fsearch-adv.htm&r=1&p=1&f=G&l=50&d=PTXT&S1=9980991.PN.&OS=PN/9980991&RS=PN/9980991,True
42,Tokyo,JP,"15/217,162",N/A,"Tokyo, JP",Canon Kabushiki Kaisha,57882735,"July 22, 2016","[['Kyohei', 'Kitazawa', 'Kawasaki, JP']]","May 29, 2018","9,983,411",#9983411,http://patft.uspto.gov/netacgi/nph-Parser?Sect1=PTO2&Sect2=HITOFF&u=%2Fnetahtml%2FPTO%2Fsearch-adv.htm&r=1&p=1&f=G&l=50&d=PTXT&S1=9983411.PN.&OS=PN/9983411&RS=PN/9983411,True
43,Monaco,MC,"15/833,745",N/A,MC,Morningside Venture Investments Limited,44857164,"December 6, 2017","[['Frank', 'Schubert', 'Tracy, CA']]","June 5, 2018","9,988,283",#9988283,http://patft.uspto.gov/netacgi/nph-Parser?Sect1=PTO2&Sect2=HITOFF&u=%2Fnetahtml%2FPTO%2Fsearch-adv.htm&r=1&p=1&f=G&l=50&d=PTXT&S1=9988283.PN.&OS=PN/9988283&RS=PN/9988283,True
44,Los Angeles,US,"13/065,294",CA,,,46827715,"March 17, 2011","[['Dean', 'Schwartz', 'Los Angeles, CA']]","June 12, 2018","9,995,428",#9995428,http://patft.uspto.gov/netacgi/nph-Parser?Sect1=PTO2&Sect2=HITOFF&u=%2Fnetahtml%2FPTO%2Fsearch-adv.htm&r=1&p=1&f=G&l=50&d=PTXT&S1=9995428.PN.&OS=PN/9995428&RS=PN/9995428,True
45,"Nagoya-shi, Aichi",JP,"15/224,316",N/A,"Aichi, JP","NGK SPARK PLUG CO., LTD.",51019317,"July 29, 2016","[['Kentaro', 'Kamada', 'Komaki, JP'], ['Masaki', 'Nakagawa', 'Komaki, JP'], ['Koji', 'Shiotani', 'Kasugai, JP']]","June 12, 2018","9,995,704",#9995704,http://patft.uspto.gov/netacgi/nph-Parser?Sect1=PTO2&Sect2=HITOFF&u=%2Fnetahtml%2FPTO%2Fsearch-adv.htm&r=1&p=1&f=G&l=50&d=PTXT&S1=9995704.PN.&OS=PN/9995704&RS=PN/9995704,True
46,Redwood City,US,"15/385,570",CA,"Redwood City, CA","Arrayent, Inc.",62554311,"December 20, 2016","[['Shane E.', 'Dyer', 'San Francisco, CA'], ['Jarrod', 'Sinclair', 'San Jose, CA'], ['Wo Ho Albert', 'Au', 'Belmont, CA'], ['Nathan', 'Brahms', 'San Francisco, CA'], ['Don Harschadath', 'Wanigasekara-Mohotti', 'San Francisco, CA'], ['Dustin H.', 'McIntire', 'Thousand Oaks, CA'], ['Jay', 'Sudhakar', 'San Jose, CA']]","June 19, 2018","10,002,526",#10002526,http://patft.uspto.gov/netacgi/nph-Parser?Sect1=PTO2&Sect2=HITOFF&u=%2Fnetahtml%2FPTO%2Fsearch-adv.htm&r=1&p=1&f=G&l=50&d=PTXT&S1=10002526.PN.&OS=PN/10002526&RS=PN/10002526,True
47,Hofors,SE,"14/429,561",N/A,"Hofors, SE",VAL'EAS RECYCLING SOLUTIONS AB,50342516,"August 29, 2013","[['Matej', 'Imris', 'Gavle, SE'], ['Sven', 'Santen', 'Hofors, SE'], ['Bror Magnus', 'Heegard', 'St Germain en Laye, FR']]","June 26, 2018","10,006,100",#10006100,http://patft.uspto.gov/netacgi/nph-Parser?Sect1=PTO2&Sect2=HITOFF&u=%2Fnetahtml%2FPTO%2Fsearch-adv.htm&r=1&p=1&f=G&l=50&d=PTXT&S1=10006100.PN.&OS=PN/10006100&RS=PN/10006100,True
48,Orlando,US,"14/480,706",FL,"Orlando, FL","SIEMENS ENERGY, INC.",49943489,"September 9, 2014","[['Sachin R.', 'Shinde', 'Oviedo, FL'], ['Phillip W.', 'Gravett', 'Orlando, FL'], ['Santosh', 'Narasimhachary', 'Orlando, FL'], ['Christopher W.', 'Ross', 'Oviedo, FL']]","July 3, 2018","10,012,084",#10012084,http://patft.uspto.gov/netacgi/nph-Parser?Sect1=PTO2&Sect2=HITOFF&u=%2Fnetahtml%2FPTO%2Fsearch-adv.htm&r=1&p=1&f=G&l=50&d=PTXT&S1=10012084.PN.&OS=PN/10012084&RS=PN/10012084,True
49,Ruurlo,NL,"15/031,206",N/A,"Ruurlo, NL",Berkin B.V.,49943461,"October 24, 2014","[['Maarten Sytze', 'Groen', 'Ruurlo, NL'], ['Robert Anton', 'Brookhuis', 'Ruurlo, NL'], ['Dannis Michel', 'Brouwer', 'Ruurlo, NL'], ['Remco John', 'Wiegerink', 'Ruurlo, NL'], ['Joost Conrad', 'Lotters', 'Ruurlo, NL']]","July 3, 2018","10,013,002",#10013002,http://patft.uspto.gov/netacgi/nph-Parser?Sect1=PTO2&Sect2=HITOFF&u=%2Fnetahtml%2FPTO%2Fsearch-adv.htm&r=1&p=1&f=G&l=50&d=PTXT&S1=10013002.PN.&OS=PN/10013002&RS=PN/10013002,True
50,Redmond,US,"14/543,809",WA,"Redmond, WA","Microsoft Technology Licensing, LLC",45997830,"November 17, 2014","[['Michael F.', 'Palermiti, II', 'Issaquah, WA']]","July 3, 2018","10,013,144",#10013144,http://patft.uspto.gov/netacgi/nph-Parser?Sect1=PTO2&Sect2=HITOFF&u=%2Fnetahtml%2FPTO%2Fsearch-adv.htm&r=1&p=1&f=G&l=50&d=PTXT&S1=10013144.PN.&OS=PN/10013144&RS=PN/10013144,True
51,Hopkinton,US,"14/675,169",MA,"Hopkinton, MA",EMC IP Holding Company LLC,62683681,"March 31, 2015","[['Xiaohong', 'Qin', 'Saratoga, CA'], ['Kenneth', 'Durazzo', 'San Ramon, CA'], ['Suresh', 'Kumar', 'Sunnyvale, CA'], ['Vaibhav', 'Khanduja', 'Cupertino, CA'], ['Ryan', 'Wallner', 'South Grafton, MA']]","July 3, 2018","10,015,132",#10015132,http://patft.uspto.gov/netacgi/nph-Parser?Sect1=PTO2&Sect2=HITOFF&u=%2Fnetahtml%2FPTO%2Fsearch-adv.htm&r=1&p=1&f=G&l=50&d=PTXT&S1=10015132.PN.&OS=PN/10015132&RS=PN/10015132,True
52,Redwood Shores,US,"14/109,676",CA,"Redwood Shores, CA",Oracle International Corporation,53368969,"December 17, 2013","[['Scott', 'Sloan', 'Berwyn, PA'], ['Christopher', 'Patterson', 'Los Altos Hills, CA']]","July 10, 2018","10,019,717",#10019717,http://patft.uspto.gov/netacgi/nph-Parser?Sect1=PTO2&Sect2=HITOFF&u=%2Fnetahtml%2FPTO%2Fsearch-adv.htm&r=1&p=1&f=G&l=50&d=PTXT&S1=10019717.PN.&OS=PN/10019717&RS=PN/10019717,True
53,Atlanta,US,"14/614,717",GA,"Atlanta, GA","AT&T Intellectual Property I, L.P.",56565474,"February 5, 2015","[['Sachin', 'Lohe', 'Allen, TX']]","July 10, 2018","10,021,152",#10021152,http://patft.uspto.gov/netacgi/nph-Parser?Sect1=PTO2&Sect2=HITOFF&u=%2Fnetahtml%2FPTO%2Fsearch-adv.htm&r=1&p=1&f=G&l=50&d=PTXT&S1=10021152.PN.&OS=PN/10021152&RS=PN/10021152,True
54,Seoul,KR,"14/443,585",N/A,"Seoul, KR",LG Electronics Inc.,50731489,"November 19, 2013","[['Sunghoon', 'Jung', 'Seoul, KR'], ['Youngdae', 'Lee', 'Seoul, KR'], ['Sungjun', 'Park', 'Seoul, KR'], ['Seungjune', 'Yi', 'Seoul, KR'], ['Jaewook', 'Lee', 'Seoul, KR']]","July 10, 2018","10,021,584",#10021584,http://patft.uspto.gov/netacgi/nph-Parser?Sect1=PTO2&Sect2=HITOFF&u=%2Fnetahtml%2FPTO%2Fsearch-adv.htm&r=1&p=1&f=G&l=50&d=PTXT&S1=10021584.PN.&OS=PN/10021584&RS=PN/10021584,True
55,LockportBuffaloClarenceClarence,USUSUSUS,"15/589,502",NYNYNYNY,,,60941797,"May 8, 2017","[['Stephen', 'Scordato', 'Lockport, NY'], ['John A.', 'Carlin', 'Buffalo, NY'], ['Kevin A.', 'Grupp', 'Clarence, NY'], ['Michael', 'Arno', 'Clarence, NY']]","July 17, 2018","10,028,357",#10028357,http://patft.uspto.gov/netacgi/nph-Parser?Sect1=PTO2&Sect2=HITOFF&u=%2Fnetahtml%2FPTO%2Fsearch-adv.htm&r=1&p=1&f=G&l=50&d=PTXT&S1=10028357.PN.&OS=PN/10028357&RS=PN/10028357,True
56,Norfolk,US,"15/151,149",VA,"Norfolk, VA",OLD DOMINION UNIVERSITY RESEARCH FOUNDATION,51259914,"May 10, 2016","[['Shu', 'Xiao', 'Norfolk, VA'], ['Andrei', 'Pakhomov', 'Norfolk, VA'], ['Karl H.', 'Schoenbach', 'Norfolk, VA']]","July 24, 2018","10,029,093",#10029093,http://patft.uspto.gov/netacgi/nph-Parser?Sect1=PTO2&Sect2=HITOFF&u=%2Fnetahtml%2FPTO%2Fsearch-adv.htm&r=1&p=1&f=G&l=50&d=PTXT&S1=10029093.PN.&OS=PN/10029093&RS=PN/10029093,True
57,Meriden,US,"15/279,526",CT,"Meriden, CT","Transdermal Biotechnology, Inc.",49301633,"September 29, 2016","[['Nicholas V.', 'Perricone', 'Madison, CT']]","July 31, 2018","10,034,896",#10034896,http://patft.uspto.gov/netacgi/nph-Parser?Sect1=PTO2&Sect2=HITOFF&u=%2Fnetahtml%2FPTO%2Fsearch-adv.htm&r=1&p=1&f=G&l=50&d=PTXT&S1=10034896.PN.&OS=PN/10034896&RS=PN/10034896,True
58,Fort Mill,US,"15/395,485",SC,"Fort Mill, SC","HAND HELD PRODUCTS, INC.",55067854,"December 30, 2016","[['Philip', 'Zumsteg', 'Shorewood, MN'], ['Tom', 'Plocher', 'Hugo, MN'], ['Sriharsha', 'Putrevu', 'Minneapolis, MN'], ['Joseph', 'Vargas', 'Santa Fe, NM']]","July 31, 2018","10,037,510",#10037510,http://patft.uspto.gov/netacgi/nph-Parser?Sect1=PTO2&Sect2=HITOFF&u=%2Fnetahtml%2FPTO%2Fsearch-adv.htm&r=1&p=1&f=G&l=50&d=PTXT&S1=10037510.PN.&OS=PN/10037510&RS=PN/10037510,True
59,Tampa,US,"15/049,930",FL,,,54208876,"February 22, 2016","[['Alex H.', 'Dunser', 'Tampa, FL']]","August 7, 2018","10,039,967",#10039967,http://patft.uspto.gov/netacgi/nph-Parser?Sect1=PTO2&Sect2=HITOFF&u=%2Fnetahtml%2FPTO%2Fsearch-adv.htm&r=1&p=1&f=G&l=50&d=PTXT&S1=10039967.PN.&OS=PN/10039967&RS=PN/10039967,True
60,Sunnyvale,US,"15/231,251",CA,"Santa Clara, CA","ADVANCED MICRO DEVICES, INC.",61071771,"August 8, 2016","[['Daniel I.', 'Lowell', 'Austin, TX'], ['Manish', 'Gupta', 'Austin, TX']]","August 7, 2018","10,042,687",#10042687,http://patft.uspto.gov/netacgi/nph-Parser?Sect1=PTO2&Sect2=HITOFF&u=%2Fnetahtml%2FPTO%2Fsearch-adv.htm&r=1&p=1&f=G&l=50&d=PTXT&S1=10042687.PN.&OS=PN/10042687&RS=PN/10042687,True
61,Rolling Meadows,US,"15/340,243",IL,"Rolling Meadows, IL","RTC Industries, Inc.",47596366,"November 1, 2016","[['Stephen N.', 'Hardy', 'Wadsworth, OH']]","August 14, 2018","10,045,640",#10045640,http://patft.uspto.gov/netacgi/nph-Parser?Sect1=PTO2&Sect2=HITOFF&u=%2Fnetahtml%2FPTO%2Fsearch-adv.htm&r=1&p=1&f=G&l=50&d=PTXT&S1=10045640.PN.&OS=PN/10045640&RS=PN/10045640,True
62,Portalbera (Pavia),IT,"14/521,587",N/A,Portalbera,BEACMED S.r.L.,55791145,"October 23, 2014","[['Pier Luigi', 'Bozzarelli', 'Portalbera, IT']]","August 21, 2018","10,052,477",#10052477,http://patft.uspto.gov/netacgi/nph-Parser?Sect1=PTO2&Sect2=HITOFF&u=%2Fnetahtml%2FPTO%2Fsearch-adv.htm&r=1&p=1&f=G&l=50&d=PTXT&S1=10052477.PN.&OS=PN/10052477&RS=PN/10052477,True
63,San Jose,US,"14/937,667",CA,"Phoenix, AZ",Fairchild Semiconductor Corporation,49580796,"November 10, 2015","[['Maoxu', 'Li', 'Shanghai, CN'], ['Dong', 'Li', 'Shanghai, CN']]","August 21, 2018","10,054,617",#10054617,http://patft.uspto.gov/netacgi/nph-Parser?Sect1=PTO2&Sect2=HITOFF&u=%2Fnetahtml%2FPTO%2Fsearch-adv.htm&r=1&p=1&f=G&l=50&d=PTXT&S1=10054617.PN.&OS=PN/10054617&RS=PN/10054617,True
64,"Kawasaki-shi, Kanagawa",JP,"15/067,949",N/A,"Kawasaki, JP",FUJITSU OPTICAL COMPONENTS LIMITED,57148418,"March 11, 2016","[['Masaharu', 'Doi', 'Sapporo, JP'], ['Akira', 'Ishii', 'Yokohama, JP'], ['Teruhiro', 'Kubo', 'Kitahiroshima, JP'], ['Yoshinobu', 'Kubota', 'Yokohama, JP']]","August 21, 2018","10,054,744",#10054744,http://patft.uspto.gov/netacgi/nph-Parser?Sect1=PTO2&Sect2=HITOFF&u=%2Fnetahtml%2FPTO%2Fsearch-adv.htm&r=1&p=1&f=G&l=50&d=PTXT&S1=10054744.PN.&OS=PN/10054744&RS=PN/10054744,True
65,Redmond,US,"15/336,635",WA,"Redmond, WA","Microsoft Technology Licensing, LLC",60263008,"October 27, 2016","[['Kurt', 'Jenkins', 'Sammamish, WA'], ['Andrew Douglas', 'Delano', 'Woodinville, WA'], ['Lincoln', 'Ghioni', 'Redmond, WA'], ['Jeffrey Taylor', 'Stellman', 'Seattle, WA']]","August 21, 2018","10,054,995",#10054995,http://patft.uspto.gov/netacgi/nph-Parser?Sect1=PTO2&Sect2=HITOFF&u=%2Fnetahtml%2FPTO%2Fsearch-adv.htm&r=1&p=1&f=G&l=50&d=PTXT&S1=10054995.PN.&OS=PN/10054995&RS=PN/10054995,True
66,Espoo,FI,"15/307,855",N/A,"Espoo, FI",NOKIA SOLUTIONS AND NETWORKS OY,54358071,"May 2, 2014","[['Yanji', 'Zhang', 'Beijing, CN'], ['Yang', 'Liu', 'Beijing, CN']]","August 21, 2018","10,057,937",#10057937,http://patft.uspto.gov/netacgi/nph-Parser?Sect1=PTO2&Sect2=HITOFF&u=%2Fnetahtml%2FPTO%2Fsearch-adv.htm&r=1&p=1&f=G&l=50&d=PTXT&S1=10057937.PN.&OS=PN/10057937&RS=PN/10057937,True
67,East Hampton,US,"15/284,215",NY,"East Hampton, NY","Barton Group, Inc.",58447439,"October 3, 2016","[['Lewis', 'Barton', 'Wainscott, NY']]","August 28, 2018","10,059,498",#10059498,http://patft.uspto.gov/netacgi/nph-Parser?Sect1=PTO2&Sect2=HITOFF&u=%2Fnetahtml%2FPTO%2Fsearch-adv.htm&r=1&p=1&f=G&l=50&d=PTXT&S1=10059498.PN.&OS=PN/10059498&RS=PN/10059498,True
68,Chai Wan,HK,"14/926,133",N/A,"Chai Wan, HK",ROTAM AGROCHEM INTERNATIONAL COMPANY LIMITED,58630946,"October 29, 2015","[['James Timothy', 'Bristow', 'Chai Wan, HK']]","August 28, 2018","10,059,676",#10059676,http://patft.uspto.gov/netacgi/nph-Parser?Sect1=PTO2&Sect2=HITOFF&u=%2Fnetahtml%2FPTO%2Fsearch-adv.htm&r=1&p=1&f=G&l=50&d=PTXT&S1=10059676.PN.&OS=PN/10059676&RS=PN/10059676,True
69,Cleveland,US,"15/195,354",OH,"Dublin, IE",Eaton Intelligent Power Limited,60677867,"June 28, 2016","[['Scott Morgan', 'Williams', 'Etowah, NC']]","August 28, 2018","10,062,527",#10062527,http://patft.uspto.gov/netacgi/nph-Parser?Sect1=PTO2&Sect2=HITOFF&u=%2Fnetahtml%2FPTO%2Fsearch-adv.htm&r=1&p=1&f=G&l=50&d=PTXT&S1=10062527.PN.&OS=PN/10062527&RS=PN/10062527,True
70,Barcelona,ES,"14/308,175",N/A,"Barcelona, ES","Fractus Antennas, S.L.",52110457,"June 18, 2014","[['Aurora', 'Andujar Linares', 'Barcelona, ES'], ['Jaume', 'Anguera Pros', 'Vinaros, ES']]","August 28, 2018","10,062,973",#10062973,http://patft.uspto.gov/netacgi/nph-Parser?Sect1=PTO2&Sect2=HITOFF&u=%2Fnetahtml%2FPTO%2Fsearch-adv.htm&r=1&p=1&f=G&l=50&d=PTXT&S1=10062973.PN.&OS=PN/10062973&RS=PN/10062973,True
71,Houston,US,"14/630,054",TX,"Houston, TX","LyondellBasell Acetyis, LLC",54006444,"February 24, 2015","[['Noel C.', 'Hallinan', 'Loveland, OH'], ['Brian A.', 'Salisbury', 'Houston, TX'], ['Daniel F.', 'White', 'Houston, TX'], ['David L.', 'Ramage', 'Houston, TX']]","September 4, 2018","10,067,113",#10067113,http://patft.uspto.gov/netacgi/nph-Parser?Sect1=PTO2&Sect2=HITOFF&u=%2Fnetahtml%2FPTO%2Fsearch-adv.htm&r=1&p=1&f=G&l=50&d=PTXT&S1=10067113.PN.&OS=PN/10067113&RS=PN/10067113,True
72,"Yokohama-shi, Kanagawa",JP,"15/389,474",N/A,"Yokohama-shi, JP",JVC KENWOOD Corporation,59226647,"December 23, 2016","[['Tatsuya', 'Onoda', 'Yokohama, JP']]","September 4, 2018","10,068,580",#10068580,http://patft.uspto.gov/netacgi/nph-Parser?Sect1=PTO2&Sect2=HITOFF&u=%2Fnetahtml%2FPTO%2Fsearch-adv.htm&r=1&p=1&f=G&l=50&d=PTXT&S1=10068580.PN.&OS=PN/10068580&RS=PN/10068580,True
73,IndianapolisCypress,USUS,"15/460,990",INCA,"Indianapolis, INRolls-Royce High Temperature Composites, Inc.",Rolls-Royce Corporation,54251952,"March 16, 2017","[['Anthony Martin', 'Goetz', 'Orange, CA'], ['Robert', 'Shinavski', 'Mission Viejo, CA'], ['Stephen Isaiah', 'Harris', 'Long Beach, CA'], ['Sean E.', 'Landwehr', 'Avon, IN']]","September 11, 2018","10,071,936",#10071936,http://patft.uspto.gov/netacgi/nph-Parser?Sect1=PTO2&Sect2=HITOFF&u=%2Fnetahtml%2FPTO%2Fsearch-adv.htm&r=1&p=1&f=G&l=50&d=PTXT&S1=10071936.PN.&OS=PN/10071936&RS=PN/10071936,True
74,Woodbridge,US,"15/320,250",CT,"Woodbridge, CT","P2 SCIENCE, INC.",54936124,"June 19, 2015","[['Patrick', 'Foley', 'New Haven, CT'], ['Neil', 'Burns', 'Freehold, NJ'], ['Alexandre', 'Chapeaux', 'New Haven, CT'], ['Icilio', 'Adami', 'Milan, IT'], ['Antonio', 'Milicia', 'Milan, IT']]","September 11, 2018","10,071,944",#10071944,http://patft.uspto.gov/netacgi/nph-Parser?Sect1=PTO2&Sect2=HITOFF&u=%2Fnetahtml%2FPTO%2Fsearch-adv.htm&r=1&p=1&f=G&l=50&d=PTXT&S1=10071944.PN.&OS=PN/10071944&RS=PN/10071944,True
75,Cheseaux-sur-Lausanne,CH,"14/904,820",N/A,"Cheseaux-sur-Lausanne, CH",Nagravision S.A.,48795509,"July 4, 2014","[['Marco', 'Macchetti', 'Casnate con Bernate, IT'], ['Jerome', 'Perrine', 'Romanel sur Morges, CH'], ['Patrick', 'Servet', 'Cheseaux-sur-Lausanne, CH'], ['Didier', 'Hunacek', 'Blonay, CH']]","September 11, 2018","10,075,770",#10075770,http://patft.uspto.gov/netacgi/nph-Parser?Sect1=PTO2&Sect2=HITOFF&u=%2Fnetahtml%2FPTO%2Fsearch-adv.htm&r=1&p=1&f=G&l=50&d=PTXT&S1=10075770.PN.&OS=PN/10075770&RS=PN/10075770,True
76,Stuttgart,DE,"14/901,604",N/A,"Stuttgart, DE",Robert Bosch GmbH,50976622,"June 13, 2014","[['Waldemar', 'Ernst', 'Vaihingen/Enz, DE'], ['Godelieve', 'Kraemer', 'Huegelsheim, DE']]","September 18, 2018","10,077,028",#10077028,http://patft.uspto.gov/netacgi/nph-Parser?Sect1=PTO2&Sect2=HITOFF&u=%2Fnetahtml%2FPTO%2Fsearch-adv.htm&r=1&p=1&f=G&l=50&d=PTXT&S1=10077028.PN.&OS=PN/10077028&RS=PN/10077028,True
77,Newark,US,"14/935,886",CA,"Newark, CA","REVANCE THERAPEUTICS, INC.",36941888,"November 9, 2015","[['Michael D', 'Dake', 'Stanford, CA'], ['Jacob M', 'Waugh', 'Palo Alto, CA']]","September 25, 2018","10,080,786",#10080786,http://patft.uspto.gov/netacgi/nph-Parser?Sect1=PTO2&Sect2=HITOFF&u=%2Fnetahtml%2FPTO%2Fsearch-adv.htm&r=1&p=1&f=G&l=50&d=PTXT&S1=10080786.PN.&OS=PN/10080786&RS=PN/10080786,True
78,Billerica,US,"14/877,851",MA,"Billerica, MA","MorphoTrust USA, LLC",55632179,"October 7, 2015","[['Robert', 'Jones', 'Andover, MA'], ['Daoshen', 'Bi', 'Boxborough, MA']]","October 2, 2018","10,086,638",#10086638,http://patft.uspto.gov/netacgi/nph-Parser?Sect1=PTO2&Sect2=HITOFF&u=%2Fnetahtml%2FPTO%2Fsearch-adv.htm&r=1&p=1&f=G&l=50&d=PTXT&S1=10086638.PN.&OS=PN/10086638&RS=PN/10086638,True
79,Winston-Salem,US,"15/376,989",NC,"Winston-Salem, NC",R.J. Reynolds Tobacco Company,62489609,"December 13, 2016","[['Quanli', 'Gu', 'Winston-Salem, NC']]","October 2, 2018","10,090,143",#10090143,http://patft.uspto.gov/netacgi/nph-Parser?Sect1=PTO2&Sect2=HITOFF&u=%2Fnetahtml%2FPTO%2Fsearch-adv.htm&r=1&p=1&f=G&l=50&d=PTXT&S1=10090143.PN.&OS=PN/10090143&RS=PN/10090143,True
80,Birmingham,US,"15/117,987",AL,"Palo Alto, CA",The UAB Research Foundation,53878737,"February 21, 2014","[['Robert F.', 'Arritt', 'Knoxville, TN'], ['Roger C.', 'Dugan', 'Knoxville, TN'], ['Wayne E.', 'Johnson', 'Charlotte, NC'], ['Gregory A.', 'Franklin', 'Hayden, AL']]","October 2, 2018","10,090,665",#10090665,http://patft.uspto.gov/netacgi/nph-Parser?Sect1=PTO2&Sect2=HITOFF&u=%2Fnetahtml%2FPTO%2Fsearch-adv.htm&r=1&p=1&f=G&l=50&d=PTXT&S1=10090665.PN.&OS=PN/10090665&RS=PN/10090665,True
81,Schenectady,US,"14/834,866",NY,"Schenectady, NY",GENERAL ELECTRIC COMPANY,56740968,"August 25, 2015","[['Stephen Francis', 'Bancheri', 'Albany, NY'], ['Venkat Subramaniam', 'Venkataramani', 'Clifton Park, NY'], ['Glen Harold', 'Kirby', 'Liberty Township, OH'], ['Neelesh Nandkumar', 'Sarawate', 'Niskayuna, NC'], ['Nicholas Edward', 'Antolino', 'Schenectady, NY'], ['Edip', 'Sevincer', 'Watervliet, NY'], ['Anthony Christopher', 'Marin', 'Saratoga Springs, NY']]","October 16, 2018","10,100,656",#10100656,http://patft.uspto.gov/netacgi/nph-Parser?Sect1=PTO2&Sect2=HITOFF&u=%2Fnetahtml%2FPTO%2Fsearch-adv.htm&r=1&p=1&f=G&l=50&d=PTXT&S1=10100656.PN.&OS=PN/10100656&RS=PN/10100656,True
82,Houston,US,"15/345,568",TX,"Sugar Land, TX",SCHLUMBERGER TECHNOLOGY CORPORATION,47505363,"November 8, 2016","[['Philip S.', 'Cheung', 'Wadhurst, GB'], ['Tianhua', 'Zhang', 'Clamart, FR']]","October 16, 2018","10,101,490",#10101490,http://patft.uspto.gov/netacgi/nph-Parser?Sect1=PTO2&Sect2=HITOFF&u=%2Fnetahtml%2FPTO%2Fsearch-adv.htm&r=1&p=1&f=G&l=50&d=PTXT&S1=10101490.PN.&OS=PN/10101490&RS=PN/10101490,True
83,Osaka,JP,"13/819,679",N/A,"Sakai, Osaka, JP",SHARP KABUSHIKI KAISHA,45772907,"August 31, 2011","[['Toshiaki', 'Ueki', 'Osaka, JP']]","October 16, 2018","10,104,722",#10104722,http://patft.uspto.gov/netacgi/nph-Parser?Sect1=PTO2&Sect2=HITOFF&u=%2Fnetahtml%2FPTO%2Fsearch-adv.htm&r=1&p=1&f=G&l=50&d=PTXT&S1=10104722.PN.&OS=PN/10104722&RS=PN/10104722,True
84,San Jose,US,"14/531,823",CA,"San Jose, CA",XACTLY CORPORATION,63833271,"November 3, 2014","[['Vasudev', 'Krishnamoorthy', 'San Jose, CA'], ['Denis', 'Gefter', 'San Francisco, CA']]","October 23, 2018","10,108,669",#10108669,http://patft.uspto.gov/netacgi/nph-Parser?Sect1=PTO2&Sect2=HITOFF&u=%2Fnetahtml%2FPTO%2Fsearch-adv.htm&r=1&p=1&f=G&l=50&d=PTXT&S1=10108669.PN.&OS=PN/10108669&RS=PN/10108669,True
85,Houston,US,"14/899,640",TX,"Houston, TX",Hewlett Packard Enterprise Development LP,53479752,"June 20, 2013","[['Pratyusa Kumar', 'Manadhata', 'Princeton, NJ'], ['Prasad V', 'Rao', 'Princeton, NJ'], ['William G', 'Home', 'Princeton, NJ']]","November 6, 2018","10,122,722",#10122722,http://patft.uspto.gov/netacgi/nph-Parser?Sect1=PTO2&Sect2=HITOFF&u=%2Fnetahtml%2FPTO%2Fsearch-adv.htm&r=1&p=1&f=G&l=50&d=PTXT&S1=10122722.PN.&OS=PN/10122722&RS=PN/10122722,True
86,Boston,US,"14/259,238",MA,"Boston, MA",The Gillette Company LLC,50771639,"April 23, 2014","[['Alison Fiona', 'Stephens', 'Maidenhead, GB'], ['Neil John', 'Jones', 'Staines, GB'], ['Valerie Jean', 'Bradford', 'Framingham, MA'], ['Elaine Alice Marie', 'Baxter', 'St. Margarets, GB']]","November 13, 2018","10,125,336",#10125336,http://patft.uspto.gov/netacgi/nph-Parser?Sect1=PTO2&Sect2=HITOFF&u=%2Fnetahtml%2FPTO%2Fsearch-adv.htm&r=1&p=1&f=G&l=50&d=PTXT&S1=10125336.PN.&OS=PN/10125336&RS=PN/10125336,True
87,Nanshan Shenzhen,CN,"15/349,972",N/A,Shenzhen Limited,Solomon Systech,62107843,"November 11, 2016","[['Sing', 'Ng', 'Hong Kong, HK'], ['Wing Chi Stephen', 'Chan', 'Hong Kong, HK'], ['Hon Sheung', 'Liu', 'Hong Kong, HK'], ['Xiacong', 'Liu', 'Hong Kong, HK'], ['Siu Hong', 'Lui', 'Hong Kong, HK']]","November 20, 2018","10,133,405",#10133405,http://patft.uspto.gov/netacgi/nph-Parser?Sect1=PTO2&Sect2=HITOFF&u=%2Fnetahtml%2FPTO%2Fsearch-adv.htm&r=1&p=1&f=G&l=50&d=PTXT&S1=10133405.PN.&OS=PN/10133405&RS=PN/10133405,True
88,Glendale,US,"15/643,298",CA,"Glendale, CA",DreamWorks Animation LLC,55542523,"July 6, 2017","[['Evan P.', 'Smyth', 'Glendale, CA']]","November 20, 2018","10,134,366",#10134366,http://patft.uspto.gov/netacgi/nph-Parser?Sect1=PTO2&Sect2=HITOFF&u=%2Fnetahtml%2FPTO%2Fsearch-adv.htm&r=1&p=1&f=G&l=50&d=PTXT&S1=10134366.PN.&OS=PN/10134366&RS=PN/10134366,True
89,Gyeonggi-do,KR,"15/796,309",N/A,"Gyeonggi-do, KR",SK Hynix Inc.,59065194,"October 27, 2017","[['Hyun Duck', 'Lee', 'Gyeonggi-do, KR']]","November 20, 2018","10,134,724",#10134724,http://patft.uspto.gov/netacgi/nph-Parser?Sect1=PTO2&Sect2=HITOFF&u=%2Fnetahtml%2FPTO%2Fsearch-adv.htm&r=1&p=1&f=G&l=50&d=PTXT&S1=10134724.PN.&OS=PN/10134724&RS=PN/10134724,True
90,Plano,US,"15/169,117",TX,"Plano, TX",SanDisk Technologies LLC,57121496,"May 31, 2016","[['Vered', 'Kelner', 'Moshav Gan Haim, IL'], ['Noga', 'Deshe', 'Raanana, IL'], ['Alon', 'Banin', 'Elad, IL'], ['Gadi', 'Vishne', 'Petach-Tikva, IL'], ['Yevgeny', 'Zagalsky', 'Kfar Saba, IL'], ['Ilya', 'Gusev', 'Gedera, IL'], ['Eran Ben', 'Abou', 'Bee sheva, IL']]","November 27, 2018","10,140,036",#10140036,http://patft.uspto.gov/netacgi/nph-Parser?Sect1=PTO2&Sect2=HITOFF&u=%2Fnetahtml%2FPTO%2Fsearch-adv.htm&r=1&p=1&f=G&l=50&d=PTXT&S1=10140036.PN.&OS=PN/10140036&RS=PN/10140036,True
91,Frankfurt am Main,DE,"15/109,489",N/A,DE,ALBEMARLE GERMANY GMBH,52354929,"December 19, 2014","[['Peter', 'Rittmeyer', 'Sulzbach/Taunus, DE'], ['Johannes', 'Willems', 'Frankfurt am Main, DE'], ['Dieter', 'Hauk', 'Friedberg, DE'], ['Uwe', 'Lischka', 'Frankfurt am Main, DE'], ['Florian', 'Kiefer', 'Goslar, DE'], ['Dirk', 'Dawidowski', 'Friedberg, DE']]","December 4, 2018","10,144,651",#10144651,http://patft.uspto.gov/netacgi/nph-Parser?Sect1=PTO2&Sect2=HITOFF&u=%2Fnetahtml%2FPTO%2Fsearch-adv.htm&r=1&p=1&f=G&l=50&d=PTXT&S1=10144651.PN.&OS=PN/10144651&RS=PN/10144651,True
92,Cham,CH,"15/324,710",N/A,,,53673917,"July 7, 2015","[['Orit', 'Shifman', 'Cham, CH'], ['Elhanan', 'Shifman', 'Petach-Tikva, IL']]","December 4, 2018","10,146,455",#10146455,http://patft.uspto.gov/netacgi/nph-Parser?Sect1=PTO2&Sect2=HITOFF&u=%2Fnetahtml%2FPTO%2Fsearch-adv.htm&r=1&p=1&f=G&l=50&d=PTXT&S1=10146455.PN.&OS=PN/10146455&RS=PN/10146455,True
93,Neubiberg,DE,"15/139,171",N/A,"Neubiberg, DE",Infineon Technologies AG,60021487,"April 26, 2016","[['Nikolay', 'Ilkov', 'Munich, DE']]","December 4, 2018","10,147,657",#10147657,http://patft.uspto.gov/netacgi/nph-Parser?Sect1=PTO2&Sect2=HITOFF&u=%2Fnetahtml%2FPTO%2Fsearch-adv.htm&r=1&p=1&f=G&l=50&d=PTXT&S1=10147657.PN.&OS=PN/10147657&RS=PN/10147657,True
94,San Jose,US,"15/389,348",CA,"San Jose, CA","Cisco Technology, Inc.",62630246,"December 22, 2016","[['Mathieu', 'Pichon', 'Paris, FR'], ['Gabriel', 'Bouvigne', 'Paris, FR'], ['Damien', 'Alliez', 'Chancay, FR'], ['Alexis', 'Gallet De Saint-Aurin', 'Versailles, FR'], ['Mathieu', 'Gorbinet', 'Paris, FR']]","December 4, 2018","10,148,990",#10148990,http://patft.uspto.gov/netacgi/nph-Parser?Sect1=PTO2&Sect2=HITOFF&u=%2Fnetahtml%2FPTO%2Fsearch-adv.htm&r=1&p=1&f=G&l=50&d=PTXT&S1=10148990.PN.&OS=PN/10148990&RS=PN/10148990,True
95,Seoul,KR,"15/535,207",N/A,"Seoul, KR",LG ELECTRONICS INC.,56126908,"December 14, 2015","[['Joonkui', 'Ahn', 'Seoul, KR'], ['Suckchel', 'Yang', 'Seoul, KR']]","December 4, 2018","10,149,249",#10149249,http://patft.uspto.gov/netacgi/nph-Parser?Sect1=PTO2&Sect2=HITOFF&u=%2Fnetahtml%2FPTO%2Fsearch-adv.htm&r=1&p=1&f=G&l=50&d=PTXT&S1=10149249.PN.&OS=PN/10149249&RS=PN/10149249,True
96,Osaka,JP,"15/071,903",N/A,"Osaka, JP","Panasonic Intellectual Property Management Co., Ltd.",56924894,"March 16, 2016","[['Tomokazu', 'Ishikawa', 'Osaka, JP']]","December 11, 2018","10,152,476",#10152476,http://patft.uspto.gov/netacgi/nph-Parser?Sect1=PTO2&Sect2=HITOFF&u=%2Fnetahtml%2FPTO%2Fsearch-adv.htm&r=1&p=1&f=G&l=50&d=PTXT&S1=10152476.PN.&OS=PN/10152476&RS=PN/10152476,True
97,San Diego,US,"14/560,635",CA,"San Diego, CA","QUALCOMM, Incorporated",54545483,"December 4, 2014","[['Olufunmilola', 'Awoniyi-Oteri', 'San Diego, CA'], ['Samir Salib', 'Soliman', 'Poway, CA'], ['Bongyong', 'Song', 'San Diego, CA'], ['Michael', 'Kohlmann', 'San Francisco, CA']]","December 18, 2018","10,159,070",#10159070,http://patft.uspto.gov/netacgi/nph-Parser?Sect1=PTO2&Sect2=HITOFF&u=%2Fnetahtml%2FPTO%2Fsearch-adv.htm&r=1&p=1&f=G&l=50&d=PTXT&S1=10159070.PN.&OS=PN/10159070&RS=PN/10159070,True
98,Chicago,US,"15/073,135",IL,"Chicago, IL",Motorola Mobility LLC,55702137,"March 17, 2016","[['Murali', 'Narasimha', 'Vernon Hills, IL'], ['Vijay', 'Nangia', 'Algonquin, IL'], ['Ajit', 'Nimbalker', 'Buffalo Grove, IL'], ['Ravikiran', 'Nory', 'Buffalo Grove, IL']]","December 18, 2018","10,159,108",#10159108,http://patft.uspto.gov/netacgi/nph-Parser?Sect1=PTO2&Sect2=HITOFF&u=%2Fnetahtml%2FPTO%2Fsearch-adv.htm&r=1&p=1&f=G&l=50&d=PTXT&S1=10159108.PN.&OS=PN/10159108&RS=PN/10159108,True
99,Villach,AT,"15/273,400",N/A,"Villach, AT",Infineon Technologies Austria AG,58224747,"September 22, 2016","[['Stefan', 'Tegen', 'Dresden, DE'], ['Dirk', 'Manger', 'Dresden, DE']]","December 25, 2018","10,164,086",#10164086,http://patft.uspto.gov/netacgi/nph-Parser?Sect1=PTO2&Sect2=HITOFF&u=%2Fnetahtml%2FPTO%2Fsearch-adv.htm&r=1&p=1&f=G&l=50&d=PTXT&S1=10164086.PN.&OS=PN/10164086&RS=PN/10164086,True
